评论者主页,评论者昵称,评论者性别,评论者所在地,评论者微博数,评论者关注数,评论者粉丝数,评论内容,评论获赞数,评论发布时间
https://weibo.cn//u/6687324611,花冢Q,女,其他,1584,581,121,哇！好棒哦,0,2021-04-19 21:58
https://weibo.cn//u/3982310407,薇光w,女,宁夏,71,261,3019,姐妹是先投递的简历吗？没有投vlog,0,2021-04-20 11:19 
https://weibo.cn//u/5056307800,是鲤鱼锦o,女,河南,141,309,102,加油wo！！！,0,2021-04-20 09:22 
https://weibo.cn//u/1777614623,Sissi的日记啊,女,江苏,197,604,855,回复@是大莉少女:吼🐒我还在等消息,0,2021-04-20 20:08
https://weibo.cn//u/6084130919,是大莉少女,女,江苏,61,208,105,加油宝贝,0,2021-04-20 20:06
https://weibo.cn//u/1777614623,Sissi的日记啊,女,江苏,197,604,855,回复@Jennie的Jenny呀:！好的！,0,2021-04-20 19:32 
https://weibo.cn//u/5860461465,Jennie的Jenny呀,女,广东,53,69,25,加油呀！！,0,2021-04-20 18:25 
https://weibo.cn//u/1777614623,Sissi的日记啊,女,江苏,197,604,855,回复@薇光w:我当时没来的及搞,0,2021-04-20 11:25 
https://weibo.cn//u/3982310407,薇光w,女,宁夏,71,261,3019,姐妹是先投递的简历吗？没有投vlog,0,2021-04-20 11:19 
https://weibo.cn//u/6423646637,小桐_樂事,女,其他,5,33,7,加油！,0,2021-04-20 10:20 
https://weibo.cn//u/1777614623,Sissi的日记啊,女,江苏,197,604,855,回复@是鲤鱼锦o:吼！！,0,2021-04-20 09:27 
https://weibo.cn//u/5056307800,是鲤鱼锦o,女,河南,141,309,102,加油wo！！！,0,2021-04-20 09:22 
https://weibo.cn//u/1777614623,Sissi的日记啊,女,江苏,197,604,855,回复@骆王宇不举铁:吼！姐妹！,0,2021-04-20 09:18 
https://weibo.cn//u/1777614623,Sissi的日记啊,女,江苏,197,604,855,回复@叶叶叶叶叶叶叶子呀:吼！我还在等回复,0,2021-04-20 09:18 
https://weibo.cn//u/5873890516,骆王宇不举铁,女,其他,173,315,62,加油哦,0,2021-04-20 08:46 
https://weibo.cn//u/6314259538,叶叶叶叶叶叶叶子呀,女,福建,74,85,9,加油,0,2021-04-20 08:43 
https://weibo.cn//u/5867614732,你不要逼我吃香菜,女,福建,979,122,176,加油！！！,0,2021-04-20 07:48 
https://weibo.cn//u/1777614623,Sissi的日记啊,女,江苏,197,604,855,回复@阿月我在:吼！,0,2021-04-20 07:45 
https://weibo.cn//u/3803148504,阿月我在,女,四川,654,379,394,哇唔,0,2021-04-20 07:37 
https://weibo.cn//u/6687324611,花冢Q,女,其他,1584,581,121,回复@Sissi的日记啊:加油,0,2021-04-19 23:04
https://weibo.cn//u/1777614623,Sissi的日记啊,女,江苏,197,604,855,回复@花冢Q:这才是第一步 还有漫漫长路,0,2021-04-19 22:36
https://weibo.cn//u/6687324611,花冢Q,女,其他,1584,581,121,哇！好棒哦,0,2021-04-19 21:58
