https://weibo.cn//u/5592117773,火箭女孩的刘小宝,男,北京,4946,1844,874,     举报             赞[0]         回复             04月20日 20:15 来自网页,0,2021-04-20 20:15
,['    \xa0举报    \xa0        赞[0]        \xa0回复        \xa0    04月20日 20:15\xa0来自网页']

https://weibo.cn//u/5592117773,火箭女孩的刘小宝,男,北京,4946,1844,874,     举报             赞[0]         回复             04月20日 19:03 来自网页,0,2021-04-20 19:03
,['    \xa0举报    \xa0        赞[0]        \xa0回复        \xa0    04月20日 19:03\xa0来自网页']

https://weibo.cn//u/5592117773,火箭女孩的刘小宝,男,北京,4946,1844,874,👏,0,2021-04-20 17:20
,['👏']

https://weibo.cn//u/5592117773,火箭女孩的刘小宝,男,北京,4946,1844,874,     举报             赞[0]         回复             04月20日 15:50 来自网页,0,2021-04-20 15:50
,['    \xa0举报    \xa0        赞[0]        \xa0回复        \xa0    04月20日 15:50\xa0来自网页']

https://weibo.cn//u/5592117773,火箭女孩的刘小宝,男,北京,4946,1844,874,     举报             赞[0]         回复             04月20日 14:52 来自网页,0,2021-04-20 14:52
,['    \xa0举报    \xa0        赞[0]        \xa0回复        \xa0    04月20日 14:52\xa0来自网页']

