https://weibo.cn//u/1853656385,Q文_Zoe-Q,女,山东,1415,126,1650,回复@可爱迷人小Tinker:,0,2021-04-19 19:49
,['回复@可爱迷人小Tinker:']

https://weibo.cn//u/5840338727,可爱迷人小Tinker,女,江苏,1747,496,231,回复@Q文_Zoe-Q:收货划破了,0,2021-04-19 19:32
,['回复@Q文_Zoe-Q:收货划破了']

https://weibo.cn//u/1853656385,Q文_Zoe-Q,女,山东,1415,126,1650,手怎么了？,0,2021-04-19 19:26
,['手怎么了？']

https://weibo.cn//u/5840338727,可爱迷人小Tinker,女,江苏,1747,496,231,回复@满月最思君:敲可爱的水豚！,0,2021-04-19 18:41
,['回复@满月最思君:敲可爱的水豚！']

https://weibo.cn//u/5174824697,满月最思君,女,海外,713,618,265,可可爱爱,0,2021-04-19 18:38
,['可可爱爱']

